id,first_name,last_name,email,ownerAccountId
1,Cad,Toyer,ctoyer0@eepurl.com,705
2,Mill,Pask,mpask1@reference.com,554
3,Verna,Darlington,vdarlington2@photobucket.com,578
4,Jenda,Errey,jerrey3@php.net,3
5,Anette,Jacquot,ajacquot4@symantec.com,106
6,Arlinda,Duffrie,aduffrie5@independent.co.uk,269
7,Justin,Jeanneau,jjeanneau6@symantec.com,61
8,Rudyard,Tomczykowski,rtomczykowski7@google.de,31
9,Charin,Hourston,chourston8@nps.gov,403
10,Darill,Veall,dveall9@booking.com,787
11,Rowena,Sainer,rsainera@who.int,831
12,Nathalia,Crowden,ncrowdenb@aol.com,602
13,Ertha,Powis,epowisc@fema.gov,582
14,Angy,Rylands,arylandsd@infoseek.co.jp,389
15,Roley,Connolly,rconnollye@indiatimes.com,823
16,Gilda,Measey,gmeaseyf@hatena.ne.jp,131
17,Ludwig,Shevelin,lsheveling@canalblog.com,435
18,Rice,Dyka,rdykah@adobe.com,894
19,Burl,Ormshaw,bormshawi@meetup.com,953
20,Trixie,Bagott,tbagottj@example.com,48
21,Konstanze,Maplestone,kmaplestonek@dagondesign.com,484
22,Drud,Yannikov,dyannikovl@weather.com,566
23,Godfry,Quickfall,gquickfallm@sitemeter.com,993
24,Scottie,Sacher,ssachern@pcworld.com,258
25,Frederic,Dyson,fdysono@java.com,155
26,Conrade,Le Ball,cleballp@unicef.org,856
27,Doralia,Marney,dmarneyq@ucoz.com,139
28,Matthew,Rulten,mrultenr@csmonitor.com,429
29,Ambros,Broxis,abroxiss@cnn.com,265
30,Matthaeus,Deeming,mdeemingt@eepurl.com,261
31,Lynde,Ethridge,lethridgeu@theglobeandmail.com,653
32,Mable,Cooch,mcoochv@over-blog.com,968
33,Sandor,Franz-Schoninger,sfranzschoningerw@bbc.co.uk,751
34,Pauly,Elverston,pelverstonx@ow.ly,136
35,Bianka,Terrans,bterransy@theglobeandmail.com,855
36,Tandy,Vallens,tvallensz@army.mil,799
37,Marlena,Coal,mcoal10@freewebs.com,70
38,Elly,Kingswood,ekingswood11@linkedin.com,67
39,Mitchael,Castiglioni,mcastiglioni12@jugem.jp,717
40,Anderson,Lindstedt,alindstedt13@google.ru,185
41,Fin,Milroy,fmilroy14@taobao.com,761
42,Marsha,Scholtz,mscholtz15@dailymail.co.uk,979
43,Henrie,Di Napoli,hdinapoli16@telegraph.co.uk,286
44,Gavin,Leighfield,gleighfield17@netscape.com,158
45,Davide,Brimelow,dbrimelow18@harvard.edu,772
46,Christye,Yeoman,cyeoman19@wp.com,135
47,Kandace,Arnald,karnald1a@independent.co.uk,439
48,Silvester,Goburn,sgoburn1b@kickstarter.com,147
49,Shaine,Merriday,smerriday1c@upenn.edu,985
50,Ivan,Scibsey,iscibsey1d@technorati.com,914
51,Magdaia,Bristowe,mbristowe1e@usatoday.com,478
52,Larry,Gage,lgage1f@usgs.gov,280
53,Cathrin,Soal,csoal1g@redcross.org,528
54,Riley,Bims,rbims1h@rambler.ru,399
55,Alwyn,Semkins,asemkins1i@omniture.com,704
56,Thibaud,Enrrico,tenrrico1j@microsoft.com,167
57,Saxon,Ivashnikov,sivashnikov1k@stanford.edu,155
58,Gregory,Jelly,gjelly1l@1und1.de,901
59,Alameda,Burch,aburch1m@newyorker.com,987
60,Arda,Gostyke,agostyke1n@ning.com,84
61,Marion,Castellucci,mcastellucci1o@yellowbook.com,10
62,Jerry,Milliere,jmilliere1p@elpais.com,634
63,Konstanze,Myring,kmyring1q@skype.com,112
64,Celka,Girardengo,cgirardengo1r@t.co,807
65,Vernon,Maletratt,vmaletratt1s@google.es,220
66,Rowe,Reames,rreames1t@sitemeter.com,11
67,Port,Coker,pcoker1u@mediafire.com,246
68,Konstance,Orrobin,korrobin1v@usda.gov,573
69,Odelle,Jasik,ojasik1w@rambler.ru,977
70,Vidovic,Dellar,vdellar1x@accuweather.com,104
71,Henrie,Hawkeswood,hhawkeswood1y@wunderground.com,660
72,Tootsie,Kendrick,tkendrick1z@wsj.com,401
73,Dierdre,Drinkale,ddrinkale20@sun.com,355
74,Haze,Vowden,hvowden21@wikimedia.org,589
75,Debby,Fenimore,dfenimore22@nature.com,165
76,Idaline,Ambrogio,iambrogio23@ed.gov,758
77,Trstram,Tieraney,ttieraney24@opensource.org,502
78,Gladys,Lapwood,glapwood25@addtoany.com,937
79,Vaclav,Osman,vosman26@artisteer.com,236
80,Christoper,O'Haire,cohaire27@1688.com,733
81,Laurene,Misken,lmisken28@angelfire.com,413
82,Elihu,McFetridge,emcfetridge29@usnews.com,624
83,Garth,Ortega,gortega2a@dailymail.co.uk,798
84,Kevan,Balharry,kbalharry2b@icq.com,424
85,Lisha,Lere,llere2c@t-online.de,509
86,Audie,Hollibone,ahollibone2d@europa.eu,95
87,Barrie,McAughtry,bmcaughtry2e@deliciousdays.com,378
88,Yolanthe,Ovett,yovett2f@sun.com,949
89,Beniamino,Dolling,bdolling2g@prnewswire.com,144
90,Hamilton,Trevithick,htrevithick2h@clickbank.net,110
91,Jaine,Antognoni,jantognoni2i@wisc.edu,894
92,Benjamin,Gaenor,bgaenor2j@ed.gov,559
93,Andrej,Hargess,ahargess2k@bluehost.com,445
94,Piggy,Jacklin,pjacklin2l@people.com.cn,570
95,Curr,Healeas,chealeas2m@va.gov,570
96,Isidore,Shardlow,ishardlow2n@loc.gov,7
97,Brear,Duffill,bduffill2o@sina.com.cn,803
98,Isahella,Oldknowe,ioldknowe2p@bloomberg.com,275
99,Anstice,Pannett,apannett2q@indiatimes.com,46
100,Margarete,Mugford,mmugford2r@vk.com,529
101,Bordy,Brandel,bbrandel2s@mysql.com,746
102,Mikel,Collimore,mcollimore2t@salon.com,992
103,Brod,Allot,ballot2u@archive.org,646
104,Harvey,Ruffle,hruffle2v@blogs.com,781
105,Cherry,Dederich,cdederich2w@reddit.com,40
106,Murdoch,Clemoes,mclemoes2x@yale.edu,582
107,Sullivan,Winkless,swinkless2y@fc2.com,911
108,Ketti,Biaggioni,kbiaggioni2z@earthlink.net,228
109,Sterne,Grimster,sgrimster30@acquirethisname.com,249
110,Johnath,Applewhaite,japplewhaite31@domainmarket.com,358
111,Gerik,Wenzel,gwenzel32@cbc.ca,406
112,Olva,Loughren,oloughren33@multiply.com,273
113,Selia,Westwell,swestwell34@xing.com,983
114,Culver,Hark,chark35@slideshare.net,8
115,Lyndell,Crowcombe,lcrowcombe36@dedecms.com,672
116,Sol,Colleford,scolleford37@twitpic.com,807
117,Marietta,Chancellor,mchancellor38@w3.org,110
118,Zorah,Audley,zaudley39@microsoft.com,947
119,Shelbi,Oldall,soldall3a@typepad.com,749
120,Maire,Grigs,mgrigs3b@sitemeter.com,433
121,Terrence,Arling,tarling3c@ameblo.jp,76
122,Duke,Hallin,dhallin3d@angelfire.com,326
123,Francis,Rubke,frubke3e@aboutads.info,256
124,Kaitlyn,Clapison,kclapison3f@issuu.com,436
125,Agnella,Frunks,afrunks3g@youtu.be,150
126,Dalton,Parkyns,dparkyns3h@google.fr,177
127,Giuditta,Siman,gsiman3i@webeden.co.uk,35
128,Chaddy,Tapscott,ctapscott3j@ebay.co.uk,877
129,Wynne,Haslen,whaslen3k@answers.com,442
130,Humfried,Shakespear,hshakespear3l@example.com,776
131,Moselle,Shillam,mshillam3m@about.com,376
132,Napoleon,Aartsen,naartsen3n@w3.org,801
133,Emelen,Streetley,estreetley3o@godaddy.com,941
134,Gert,Boydle,gboydle3p@wired.com,599
135,Alayne,Gounard,agounard3q@i2i.jp,230
136,Retha,Janauschek,rjanauschek3r@acquirethisname.com,489
137,Matthieu,Rhys,mrhys3s@yahoo.com,743
138,Forester,Rouge,frouge3t@oaic.gov.au,326
139,Yolane,Warlow,ywarlow3u@epa.gov,553
140,Myer,Cleverly,mcleverly3v@ibm.com,574
141,Anette,Carden,acarden3w@histats.com,572
142,Jonie,Peto,jpeto3x@newyorker.com,639
143,Stefano,Crawshay,scrawshay3y@so-net.ne.jp,296
144,Harlie,Wellings,hwellings3z@webs.com,828
145,Shelli,Rozzell,srozzell40@cpanel.net,512
146,Rodolphe,Cunde,rcunde41@walmart.com,169
147,Scot,Barthelmes,sbarthelmes42@uiuc.edu,730
148,Jewelle,Hackelton,jhackelton43@si.edu,275
149,Thomasine,Langtry,tlangtry44@linkedin.com,968
150,Elora,Glanton,eglanton45@cnbc.com,106
151,Alyce,Whittek,awhittek46@usa.gov,319
152,Tremain,Barrett,tbarrett47@npr.org,699
153,Benedetto,MacKay,bmackay48@yahoo.com,720
154,Harrison,Toffts,htoffts49@cafepress.com,959
155,Edie,Aucourte,eaucourte4a@istockphoto.com,675
156,Stavros,Loch,sloch4b@printfriendly.com,17
157,Etienne,Baston,ebaston4c@ucsd.edu,451
158,Babb,Ennion,bennion4d@ibm.com,308
159,Catriona,Gillfillan,cgillfillan4e@facebook.com,396
160,Joell,Iacoboni,jiacoboni4f@dailymail.co.uk,167
161,Gabie,Messiter,gmessiter4g@illinois.edu,374
162,Jolyn,Apthorpe,japthorpe4h@imgur.com,116
163,Brigitta,Wildes,bwildes4i@slashdot.org,56
164,Britney,Pendleton,bpendleton4j@va.gov,888
165,Virge,Mongeot,vmongeot4k@apple.com,480
166,Caroline,Wildblood,cwildblood4l@adobe.com,1
167,Hoebart,Schettini,hschettini4m@samsung.com,8
168,Stacy,Figgess,sfiggess4n@google.co.jp,615
169,Chlo,Dadson,cdadson4o@tinyurl.com,670
170,Bron,Mattityahou,bmattityahou4p@europa.eu,405
171,Alvis,Musterd,amusterd4q@qq.com,467
172,Hyacinthie,Olifard,holifard4r@microsoft.com,444
173,Michaelina,Colbron,mcolbron4s@dell.com,217
174,Kristos,Rodrigo,krodrigo4t@nsw.gov.au,199
175,Elyssa,Moorey,emoorey4u@myspace.com,833
176,Moyna,Stoad,mstoad4v@deviantart.com,511
177,Shaylynn,Garatty,sgaratty4w@linkedin.com,571
178,Tabbie,Sandeland,tsandeland4x@loc.gov,227
179,Jay,Fugere,jfugere4y@myspace.com,137
180,Huey,Liffe,hliffe4z@sitemeter.com,194
181,Nico,Trynor,ntrynor50@yale.edu,894
182,Arlette,Gaythorpe,agaythorpe51@geocities.jp,349
183,Annabelle,De Rechter,aderechter52@wordpress.com,650
184,Mil,Hurch,mhurch53@msu.edu,854
185,Aubrette,Wandrack,awandrack54@virginia.edu,171
186,Charmain,Urry,curry55@mediafire.com,677
187,Susette,Keave,skeave56@dmoz.org,904
188,Krystalle,Thombleson,kthombleson57@ow.ly,781
189,Nelie,Munro,nmunro58@usatoday.com,858
190,Vita,Bidgod,vbidgod59@vimeo.com,626
191,Charlot,Tiler,ctiler5a@artisteer.com,777
192,Renaud,Clemente,rclemente5b@icq.com,981
193,Roseanna,Shrigley,rshrigley5c@va.gov,784
194,Richardo,Pllu,rpllu5d@a8.net,211
195,Em,Tellenbroker,etellenbroker5e@answers.com,998
196,Nicola,Thurbon,nthurbon5f@hatena.ne.jp,359
197,Dino,Hamnet,dhamnet5g@discovery.com,518
198,Jillana,Browne,jbrowne5h@fema.gov,604
199,Osbourn,Prahl,oprahl5i@ted.com,123
200,Heall,Byrkmyr,hbyrkmyr5j@hao123.com,205
201,Randolph,Abbiss,rabbiss5k@ft.com,787
202,Casey,Poulston,cpoulston5l@paypal.com,753
203,Brandice,Golightly,bgolightly5m@nih.gov,982
204,Filia,Duplan,fduplan5n@e-recht24.de,638
205,Baldwin,Tebb,btebb5o@surveymonkey.com,185
206,Tiphani,Oddboy,toddboy5p@lulu.com,66
207,Bruno,Pearn,bpearn5q@typepad.com,808
208,Jilli,Ruthen,jruthen5r@unblog.fr,613
209,Michaela,Leyninye,mleyninye5s@xrea.com,420
210,Gerianne,Tremoulet,gtremoulet5t@nhs.uk,309
211,Leesa,Sweeney,lsweeney5u@java.com,407
212,Felicia,Fulloway,ffulloway5v@trellian.com,846
213,Panchito,McCoole,pmccoole5w@yandex.ru,973
214,Brice,Winkell,bwinkell5x@privacy.gov.au,118
215,Flora,Boast,fboast5y@virginia.edu,645
216,Daune,Potes,dpotes5z@wordpress.com,76
217,Kylen,Boig,kboig60@cyberchimps.com,710
218,Calla,Simonazzi,csimonazzi61@howstuffworks.com,486
219,Tallie,Burton,tburton62@mapy.cz,39
220,Skipton,Atwill,satwill63@kickstarter.com,957
221,Melissa,D'Hooghe,mdhooghe64@cargocollective.com,17
222,Meredith,Piggot,mpiggot65@cbc.ca,83
223,Granthem,Sorrie,gsorrie66@paypal.com,308
224,Garland,Paulig,gpaulig67@kickstarter.com,627
225,Gisella,Trammel,gtrammel68@google.com.br,265
226,Antone,McKennan,amckennan69@com.com,844
227,Brigitte,Lindenbluth,blindenbluth6a@canalblog.com,147
228,Corette,Charle,ccharle6b@harvard.edu,156
229,Omar,Eathorne,oeathorne6c@shop-pro.jp,649
230,Malissia,Marrow,mmarrow6d@biblegateway.com,22
231,Gwyneth,Heatly,gheatly6e@ustream.tv,668
232,Jephthah,Carvilla,jcarvilla6f@tripod.com,378
233,Dyanne,Normandale,dnormandale6g@merriam-webster.com,510
234,Minor,Rivlin,mrivlin6h@census.gov,424
235,Karney,Quillinane,kquillinane6i@seattletimes.com,735
236,Libbie,Tixall,ltixall6j@ameblo.jp,781
237,Cchaddie,Rodolfi,crodolfi6k@unicef.org,242
238,Berke,Kohlerman,bkohlerman6l@ox.ac.uk,878
239,Viole,Royse,vroyse6m@4shared.com,926
240,Bourke,Kinker,bkinker6n@fotki.com,56
241,Mellisa,Jowling,mjowling6o@istockphoto.com,566
242,Salvador,Sicha,ssicha6p@google.com.au,979
243,Imelda,Insko,iinsko6q@ox.ac.uk,499
244,Brendin,MacGorley,bmacgorley6r@twitpic.com,416
245,Perle,Markson,pmarkson6s@blogspot.com,40
246,Ginevra,Hiland,ghiland6t@ca.gov,443
247,Lorine,Prandin,lprandin6u@ocn.ne.jp,173
248,Jacquenette,Enticknap,jenticknap6v@51.la,630
249,Luigi,Seale,lseale6w@theglobeandmail.com,511
250,Adelbert,Doerffer,adoerffer6x@fema.gov,875
251,Ara,Mullis,amullis6y@slideshare.net,350
252,Arabel,Le Barr,alebarr6z@taobao.com,480
253,Sydney,Isherwood,sisherwood70@nbcnews.com,323
254,Chad,De Bruyn,cdebruyn71@deviantart.com,113
255,Brandise,Kyston,bkyston72@istockphoto.com,65
256,Evelin,Flukes,eflukes73@un.org,988
257,Debi,Gregory,dgregory74@webeden.co.uk,977
258,Darnall,Esberger,desberger75@bbb.org,728
259,Gene,Crus,gcrus76@is.gd,767
260,Freeman,Hoonahan,fhoonahan77@artisteer.com,185
261,Gunilla,Capozzi,gcapozzi78@netscape.com,518
262,Fredrick,Cassels,fcassels79@globo.com,683
263,Lauretta,Fealy,lfealy7a@eventbrite.com,648
264,Lynea,Wadeling,lwadeling7b@irs.gov,858
265,Deloria,Marriage,dmarriage7c@yahoo.co.jp,264
266,Nolan,Benza,nbenza7d@si.edu,251
267,Avrom,Spargo,aspargo7e@so-net.ne.jp,632
268,Gwenni,Callcott,gcallcott7f@comsenz.com,23
269,Dill,Giblin,dgiblin7g@biglobe.ne.jp,277
270,Emlyn,Carvell,ecarvell7h@abc.net.au,867
271,Fleur,Curee,fcuree7i@ask.com,998
272,Vally,Leeke,vleeke7j@hhs.gov,832
273,Hervey,Feria,hferia7k@jimdo.com,580
274,Pauli,Janak,pjanak7l@state.gov,943
275,Jonell,Cicchetto,jcicchetto7m@wikispaces.com,654
276,Carlene,Clotworthy,cclotworthy7n@macromedia.com,992
277,Blayne,Have,bhave7o@amazonaws.com,705
278,Leslie,Wilacot,lwilacot7p@state.tx.us,252
279,Jilly,Tankin,jtankin7q@freewebs.com,675
280,Karoly,Nowakowska,knowakowska7r@ucoz.com,837
281,Elfreda,Amphlett,eamphlett7s@cisco.com,347
282,Audie,Guildford,aguildford7t@cargocollective.com,243
283,Verene,Fannin,vfannin7u@livejournal.com,611
284,Edik,Arndt,earndt7v@weebly.com,681
285,Ganny,Simner,gsimner7w@etsy.com,507
286,Millicent,Orrock,morrock7x@scribd.com,703
287,Noami,Solomon,nsolomon7y@nps.gov,146
288,Stern,Shaxby,sshaxby7z@g.co,791
289,Lotta,Mapham,lmapham80@census.gov,76
290,Donal,Rubenovic,drubenovic81@dot.gov,486
291,Archie,Tonry,atonry82@epa.gov,384
292,Mackenzie,Whyffen,mwhyffen83@gravatar.com,625
293,Tabina,Barrett,tbarrett84@multiply.com,759
294,Arron,MacFall,amacfall85@berkeley.edu,832
295,Dominick,Rivelon,drivelon86@parallels.com,880
296,Florry,Scutchings,fscutchings87@arizona.edu,783
297,Baxy,Fronczak,bfronczak88@usda.gov,191
298,Theo,Sheraton,tsheraton89@goo.gl,466
299,Alene,Lghan,alghan8a@pen.io,687
300,Gracia,Trobey,gtrobey8b@latimes.com,760
301,Laina,Kirkup,lkirkup8c@slashdot.org,658
302,Johny,Hooks,jhooks8d@disqus.com,113
303,Juan,Aberdein,jaberdein8e@github.com,463
304,Kirbie,Finker,kfinker8f@fastcompany.com,198
305,Cazzie,Molder,cmolder8g@furl.net,537
306,Katey,Drever,kdrever8h@arizona.edu,781
307,Hyacinthe,Sally,hsally8i@scientificamerican.com,67
308,Madge,Whitely,mwhitely8j@hexun.com,206
309,Robbie,Garner,rgarner8k@woothemes.com,605
310,Wildon,Bernier,wbernier8l@canalblog.com,49
311,Hakeem,Goodier,hgoodier8m@godaddy.com,713
312,Gypsy,Hayhurst,ghayhurst8n@gov.uk,518
313,Rusty,Izacenko,rizacenko8o@seattletimes.com,855
314,Delora,Stollenberg,dstollenberg8p@devhub.com,96
315,Nollie,Ebbin,nebbin8q@upenn.edu,685
316,Yuma,Goodbarne,ygoodbarne8r@canalblog.com,777
317,Vanda,Glenny,vglenny8s@pinterest.com,93
318,Lindsy,Ambrosio,lambrosio8t@mac.com,714
319,Cchaddie,Darbey,cdarbey8u@google.co.jp,432
320,Libbi,Fenney,lfenney8v@tumblr.com,277
321,Bella,Benns,bbenns8w@edublogs.org,352
322,Lois,Witten,lwitten8x@ycombinator.com,712
323,Oralla,Astie,oastie8y@topsy.com,886
324,Arvy,Korneichuk,akorneichuk8z@4shared.com,87
325,Pasquale,Gledhall,pgledhall90@cbc.ca,960
326,West,Gockelen,wgockelen91@liveinternet.ru,580
327,Hatti,Kermon,hkermon92@weibo.com,270
328,Perla,Crake,pcrake93@upenn.edu,711
329,Lacy,Gussin,lgussin94@google.it,330
330,Jaynell,Gerald,jgerald95@ibm.com,829
331,Zea,McMeyler,zmcmeyler96@nba.com,735
332,Fred,Qusklay,fqusklay97@miibeian.gov.cn,232
333,Lorrie,Bauldry,lbauldry98@spiegel.de,232
334,Godart,Soldner,gsoldner99@dedecms.com,901
335,Lewiss,Dawley,ldawley9a@artisteer.com,299
336,Erv,Knoton,eknoton9b@google.pl,543
337,Fletcher,Gaiter,fgaiter9c@live.com,753
338,Roger,Reichhardt,rreichhardt9d@noaa.gov,524
339,Garey,Darbey,gdarbey9e@dion.ne.jp,63
340,Teriann,Bunyan,tbunyan9f@canalblog.com,348
341,Pincus,Gridon,pgridon9g@statcounter.com,267
342,Eulalie,Bladen,ebladen9h@example.com,161
343,Britteny,Flight,bflight9i@mapy.cz,332
344,Dalli,Wasiela,dwasiela9j@apple.com,826
345,Fielding,Revitt,frevitt9k@rambler.ru,195
346,Twyla,Kingswold,tkingswold9l@kickstarter.com,696
347,Wesley,Buske,wbuske9m@craigslist.org,711
348,Rex,Severn,rsevern9n@marketwatch.com,417
349,Buckie,Baniard,bbaniard9o@freewebs.com,758
350,Louisa,Tryhorn,ltryhorn9p@amazon.co.jp,598
351,Gayle,Dulinty,gdulinty9q@blogs.com,780
352,Stanislaw,Sansbury,ssansbury9r@forbes.com,435
353,Thor,Duggleby,tduggleby9s@bandcamp.com,85
354,Joceline,Burnhams,jburnhams9t@wordpress.org,841
355,Brianna,Lowis,blowis9u@arizona.edu,135
356,Kessiah,Hassey,khassey9v@pbs.org,709
357,Fabio,Lovett,flovett9w@hibu.com,748
358,Noelyn,Readings,nreadings9x@feedburner.com,973
359,Granthem,Laimable,glaimable9y@phoca.cz,749
360,Curran,Gallaway,cgallaway9z@wikimedia.org,833
361,Dorine,McRuvie,dmcruviea0@ca.gov,468
362,Ophelie,Ambrogi,oambrogia1@sogou.com,649
363,Kyrstin,Egre,kegrea2@360.cn,902
364,Mallory,McConway,mmcconwaya3@sbwire.com,443
365,Nickolas,Wandless,nwandlessa4@lycos.com,477
366,Cecilia,Tarquinio,ctarquinioa5@kickstarter.com,852
367,Fabian,Hadleigh,fhadleigha6@angelfire.com,160
368,Michal,Dukelow,mdukelowa7@weather.com,505
369,Mignon,Derye-Barrett,mderyebarretta8@aol.com,927
370,Kerry,Giacobelli,kgiacobellia9@va.gov,654
371,Forest,Ducrow,fducrowaa@youku.com,977
372,Brock,Jagiela,bjagielaab@flavors.me,437
373,Gunar,Gazey,ggazeyac@thetimes.co.uk,165
374,Mattias,Gaffey,mgaffeyad@newyorker.com,917
375,Alikee,Farra,afarraae@pinterest.com,901
376,Cully,Mouat,cmouataf@tamu.edu,971
377,Kerwin,Kubista,kkubistaag@bing.com,258
378,Otis,Fussey,ofusseyah@imgur.com,524
379,Buddie,Meegan,bmeeganai@samsung.com,431
380,Kingsly,Cardis,kcardisaj@oakley.com,626
381,Cissiee,Skellorne,cskellorneak@homestead.com,604
382,Lilli,Westall,lwestallal@bravesites.com,4
383,Newton,Arens,narensam@skyrock.com,271
384,Tabor,Sharpous,tsharpousan@nsw.gov.au,180
385,Obadias,Goodred,ogoodredao@artisteer.com,604
386,Peder,Coat,pcoatap@dion.ne.jp,330
387,Alfie,Grassett,agrassettaq@biblegateway.com,398
388,Aguie,Hebditch,ahebditchar@ca.gov,703
389,Joshuah,Davidwitz,jdavidwitzas@addthis.com,458
390,Felicia,Offen,foffenat@slashdot.org,687
391,Yalonda,Newlin,ynewlinau@naver.com,893
392,Anthony,Atley,aatleyav@cisco.com,408
393,Lorene,McRamsey,lmcramseyaw@clickbank.net,249
394,Derrek,Woof,dwoofax@squarespace.com,939
395,Hewett,Hatley,hhatleyay@moonfruit.com,372
396,Lesya,Carhart,lcarhartaz@google.com.br,155
397,Iggy,Novill,inovillb0@reference.com,793
398,Waylen,Gillford,wgillfordb1@java.com,523
399,Rosamund,Zecchini,rzecchinib2@csmonitor.com,890
400,Alfonso,Fills,afillsb3@flickr.com,531
401,Ulrich,Wolfindale,uwolfindaleb4@pbs.org,202
402,Emerson,Baskeyfied,ebaskeyfiedb5@altervista.org,989
403,Thain,Smeeton,tsmeetonb6@wordpress.org,696
404,Felipe,Flecknoe,fflecknoeb7@cbslocal.com,3
405,Quincy,Beer,qbeerb8@ox.ac.uk,336
406,Marlane,Knutsen,mknutsenb9@gov.uk,97
407,Billie,Camp,bcampba@1688.com,208
408,Audrie,De Ferraris,adeferrarisbb@livejournal.com,356
409,Rodi,Fronczak,rfronczakbc@samsung.com,109
410,Eadith,Couve,ecouvebd@bandcamp.com,115
411,Jermain,McColley,jmccolleybe@house.gov,786
412,Arin,Hurn,ahurnbf@epa.gov,848
413,Cassaundra,Frederick,cfrederickbg@yellowbook.com,400
414,Deborah,Packwood,dpackwoodbh@desdev.cn,870
415,Cleveland,Cabrer,ccabrerbi@cbslocal.com,548
416,Hyacinthe,Ledur,hledurbj@simplemachines.org,320
417,Adora,Krahl,akrahlbk@t-online.de,249
418,Emlen,Faloon,efaloonbl@jiathis.com,859
419,Rennie,Monni,rmonnibm@reference.com,789
420,Frasquito,Wraith,fwraithbn@smugmug.com,173
421,Hillery,Hunter,hhunterbo@usatoday.com,830
422,Renata,Bearblock,rbearblockbp@hao123.com,974
423,Kile,Goulthorp,kgoulthorpbq@cloudflare.com,43
424,Ruy,Semered,rsemeredbr@yahoo.co.jp,546
425,Vyky,Godain,vgodainbs@blogspot.com,975
426,Norine,Ollerearnshaw,nollerearnshawbt@elegantthemes.com,664
427,Claudie,Bellhanger,cbellhangerbu@cbslocal.com,648
428,Everard,Garforth,egarforthbv@fc2.com,22
429,Stoddard,Fumagall,sfumagallbw@qq.com,393
430,Drucill,Sleight,dsleightbx@tiny.cc,177
431,Lebbie,Shales,lshalesby@gov.uk,60
432,Pier,Dumbrall,pdumbrallbz@nifty.com,426
433,Gloriana,Dehm,gdehmc0@buzzfeed.com,204
434,Horton,Stern,hsternc1@oaic.gov.au,628
435,Gery,Oswick,goswickc2@guardian.co.uk,551
436,Janith,Keyser,jkeyserc3@freewebs.com,352
437,Fayette,Abramino,fabraminoc4@ed.gov,339
438,Terra,Bilton,tbiltonc5@tinyurl.com,438
439,Carlin,Fildes,cfildesc6@yahoo.co.jp,558
440,Essy,Falkner,efalknerc7@wikia.com,184
441,Davidson,Grewar,dgrewarc8@123-reg.co.uk,611
442,Guendolen,Giraldon,ggiraldonc9@icio.us,162
443,Nonna,Goulstone,ngoulstoneca@amazon.co.uk,639
444,Carmella,Camier,ccamiercb@merriam-webster.com,941
445,Clarine,Dowdle,cdowdlecc@youtu.be,840
446,Alikee,Tock,atockcd@blogs.com,123
447,Grover,Burgoyne,gburgoynece@reddit.com,845
448,Jennee,Barnardo,jbarnardocf@about.me,607
449,Rufe,Beaby,rbeabycg@bizjournals.com,890
450,Milzie,Goodayle,mgoodaylech@github.com,637
451,Arther,Rogier,arogierci@huffingtonpost.com,435
452,Kelci,House,khousecj@spiegel.de,705
453,Tuck,Dinzey,tdinzeyck@umich.edu,249
454,Fawnia,Stanman,fstanmancl@sohu.com,233
455,Harv,Marvelley,hmarvelleycm@yolasite.com,30
456,Felix,Lorimer,florimercn@1688.com,282
457,Corey,Wardrop,cwardropco@newsvine.com,543
458,Lindi,Baroche,lbarochecp@state.gov,107
459,Mack,Paull,mpaullcq@usgs.gov,244
460,Timmi,Oda,todacr@weibo.com,694
461,Stanislaw,Wardlow,swardlowcs@51.la,569
462,Bev,Stubbe,bstubbect@dailymotion.com,208
463,Meris,Brownsill,mbrownsillcu@google.ru,315
464,Natassia,Napoleone,nnapoleonecv@amazon.de,920
465,Colan,De Domenicis,cdedomeniciscw@apache.org,916
466,Gaston,Brou,gbroucx@free.fr,540
467,Toddy,Redford,tredfordcy@sohu.com,683
468,Buddy,Trembath,btrembathcz@lycos.com,139
469,Maryellen,Melanaphy,mmelanaphyd0@gnu.org,547
470,Shawna,Mullany,smullanyd1@list-manage.com,695
471,Benjy,Morrel,bmorreld2@amazonaws.com,177
472,Ardra,Pedlow,apedlowd3@privacy.gov.au,812
473,Clarance,Gomery,cgomeryd4@aol.com,482
474,Cornelle,Ware,cwared5@seattletimes.com,708
475,Mozelle,Squires,msquiresd6@technorati.com,64
476,Kyrstin,Schonfeld,kschonfeldd7@ox.ac.uk,176
477,Milty,Ainsby,mainsbyd8@diigo.com,346
478,Lynnette,Espinos,lespinosd9@nationalgeographic.com,911
479,Carolus,Keirl,ckeirlda@mashable.com,772
480,Clary,Winear,cwineardb@mayoclinic.com,270
481,Randy,Kinnard,rkinnarddc@altervista.org,403
482,Amitie,Snipe,asnipedd@whitehouse.gov,251
483,Lena,Horwell,lhorwellde@feedburner.com,732
484,Rollo,Christoffels,rchristoffelsdf@webnode.com,239
485,Lilllie,Pesic,lpesicdg@constantcontact.com,384
486,Rock,Parnham,rparnhamdh@youtu.be,48
487,Kevon,Ivshin,kivshindi@accuweather.com,986
488,Geri,Lightning,glightningdj@scribd.com,530
489,Ophelia,O'Hannen,oohannendk@addtoany.com,458
490,Roana,Rosson,rrossondl@usnews.com,885
491,Woodman,Mulliss,wmullissdm@tumblr.com,864
492,Maridel,Oman,momandn@facebook.com,830
493,Ilka,Vernay,ivernaydo@exblog.jp,740
494,Mella,Bellard,mbellarddp@youtu.be,714
495,Chicky,Kroch,ckrochdq@mac.com,954
496,Verge,Uwins,vuwinsdr@mediafire.com,846
497,Ashli,Easthope,aeasthopeds@goo.gl,782
498,Magdalen,Wootton,mwoottondt@netvibes.com,820
499,Sam,Nuzzi,snuzzidu@theguardian.com,976
500,Wynny,Adshed,wadsheddv@livejournal.com,969
501,Denys,Heale,dhealedw@ted.com,85
502,Tommi,Fowell,tfowelldx@squidoo.com,509
503,Kaile,Vlasenkov,kvlasenkovdy@purevolume.com,111
504,Nannette,McVane,nmcvanedz@howstuffworks.com,523
505,Baxter,Cherrington,bcherringtone0@nyu.edu,265
506,Carmelina,Oxtoby,coxtobye1@ning.com,122
507,Desmond,Broome,dbroomee2@newsvine.com,647
508,Marcile,Sanja,msanjae3@msn.com,575
509,Sibyl,Dunbobbin,sdunbobbine4@cornell.edu,206
510,Yurik,Barz,ybarze5@about.com,463
511,Novelia,Trustie,ntrustiee6@simplemachines.org,38
512,De witt,Wragge,dwraggee7@reverbnation.com,433
513,Grace,Pembry,gpembrye8@va.gov,975
514,Josi,Marvell,jmarvelle9@netvibes.com,55
515,Sly,Harvatt,sharvattea@soundcloud.com,667
516,Shelley,Querrard,squerrardeb@intel.com,108
517,Dominick,Fullagar,dfullagarec@buzzfeed.com,732
518,Vyky,Walczynski,vwalczynskied@pcworld.com,144
519,Rourke,Annand,rannandee@adobe.com,461
520,Billie,Elvish,belvishef@wordpress.org,840
521,Lin,Blanckley,lblanckleyeg@pcworld.com,439
522,Miof mela,Folk,mfolkeh@npr.org,711
523,Westleigh,Vian,wvianei@apache.org,473
524,Zeb,Pablo,zpabloej@slate.com,543
525,Angeli,Labitt,alabittek@yelp.com,76
526,Lynnea,Birkhead,lbirkheadel@vk.com,582
527,Petronilla,Sworn,pswornem@apache.org,773
528,Palm,Colcomb,pcolcomben@cnet.com,416
529,Amara,Cargenven,acargenveneo@un.org,197
530,Hewitt,Stallybrass,hstallybrassep@earthlink.net,362
531,Giffy,Ebbage,gebbageeq@live.com,487
532,Judith,Grinnov,jgrinnover@cloudflare.com,284
533,Myrtia,Garthshore,mgarthshorees@bloglovin.com,106
534,Diena,Vogt,dvogtet@prweb.com,114
535,Kriste,Clewarth,kclewartheu@imgur.com,252
536,Kalle,O'Ruane,koruaneev@weather.com,378
537,Maxwell,Glidden,mgliddenew@technorati.com,376
538,Elbertina,Speight,espeightex@shareasale.com,619
539,Terrell,Gytesham,tgyteshamey@wufoo.com,264
540,Jefferson,Exelby,jexelbyez@netscape.com,239
541,Lou,Wedlock,lwedlockf0@wisc.edu,926
542,Angus,Roubottom,aroubottomf1@yale.edu,153
543,Tresa,Izaac,tizaacf2@ebay.co.uk,612
544,Libby,Keoghane,lkeoghanef3@mail.ru,134
545,Dermot,Fluger,dflugerf4@constantcontact.com,934
546,Karlotte,Riddall,kriddallf5@google.ca,669
547,Boigie,Whelpdale,bwhelpdalef6@domainmarket.com,13
548,Haze,Copeman,hcopemanf7@cornell.edu,128
549,Gerard,St Angel,gstangelf8@bloglovin.com,232
550,Bron,Lashmore,blashmoref9@hatena.ne.jp,244
551,Katherina,Benettelli,kbenettellifa@cbslocal.com,427
552,Ransom,Shilston,rshilstonfb@abc.net.au,694
553,Reynold,Luxen,rluxenfc@cdbaby.com,935
554,Elysha,Clutheram,eclutheramfd@last.fm,636
555,Even,Cordero,ecorderofe@cnn.com,856
556,Christophorus,Kenwood,ckenwoodff@ed.gov,662
557,Tricia,Lawerence,tlawerencefg@walmart.com,838
558,Coletta,Hatcher,chatcherfh@hud.gov,191
559,Roma,Jeratt,rjerattfi@bigcartel.com,547
560,Cacilie,Golsthorp,cgolsthorpfj@irs.gov,8
561,Scottie,Wadhams,swadhamsfk@ocn.ne.jp,860
562,Clemmie,Koschke,ckoschkefl@ucoz.com,755
563,Hartwell,Ivanchov,hivanchovfm@fc2.com,110
564,Alyson,Craighill,acraighillfn@unesco.org,352
565,Helen,Krahl,hkrahlfo@tiny.cc,783
566,Daveen,Fealty,dfealtyfp@php.net,180
567,Chelsey,Vickerman,cvickermanfq@about.me,573
568,Christos,Duffield,cduffieldfr@multiply.com,194
569,Oby,Lafee,olafeefs@constantcontact.com,481
570,Thorin,Cordero,tcorderoft@unesco.org,150
571,Gelya,Burnard,gburnardfu@symantec.com,336
572,Caroline,Rozzell,crozzellfv@sogou.com,962
573,Alecia,Hanes,ahanesfw@aboutads.info,270
574,Domenico,Domenget,ddomengetfx@sogou.com,423
575,Nissy,Eslinger,neslingerfy@independent.co.uk,792
576,Jonis,Baume,jbaumefz@nps.gov,618
577,Veradis,Rzehorz,vrzehorzg0@amazon.co.uk,674
578,Glori,Foss,gfossg1@apache.org,104
579,Gabby,Cutforth,gcutforthg2@weebly.com,588
580,Annabal,Yetts,ayettsg3@salon.com,603
581,Verina,Elston,velstong4@deviantart.com,482
582,Vin,Pershouse,vpershouseg5@furl.net,148
583,Alexandr,Oldershaw,aoldershawg6@vimeo.com,550
584,Barnaby,Kervin,bkerving7@domainmarket.com,923
585,Cathrin,Narbett,cnarbettg8@blogspot.com,74
586,Gallard,Hiddy,ghiddyg9@reddit.com,314
587,Kristal,McCrossan,kmccrossanga@baidu.com,814
588,Dasha,Vaisey,dvaiseygb@yandex.ru,574
589,Agatha,Henricsson,ahenricssongc@illinois.edu,249
590,Florenza,Bridgwood,fbridgwoodgd@oakley.com,774
591,Cody,Merrigans,cmerrigansge@instagram.com,109
592,Cornie,Flott,cflottgf@trellian.com,72
593,Kristoforo,Rue,kruegg@nyu.edu,465
594,Reinhard,Reeson,rreesongh@theatlantic.com,537
595,Wilbert,Gobourn,wgobourngi@sun.com,959
596,Dwain,Rosenfelt,drosenfeltgj@cbsnews.com,383
597,Rock,Cookes,rcookesgk@yahoo.com,209
598,Boyce,Sacchetti,bsacchettigl@godaddy.com,809
599,Zsa zsa,Tierny,ztiernygm@comcast.net,406
600,Rodina,Tointon,rtointongn@ted.com,893
601,Konstantin,McNab,kmcnabgo@wordpress.org,156
602,Haze,Arsey,harseygp@jimdo.com,84
603,Sherie,Mongeot,smongeotgq@cbslocal.com,73
604,Georgie,Gaythor,ggaythorgr@bloglines.com,727
605,Van,Marshalleck,vmarshalleckgs@google.es,931
606,Lauren,Arington,laringtongt@typepad.com,701
607,Guenna,Jerche,gjerchegu@ucoz.ru,480
608,Dal,Leborgne,dleborgnegv@miitbeian.gov.cn,527
609,Nicki,Jenken,njenkengw@gnu.org,279
610,Melanie,Fincke,mfinckegx@scribd.com,263
611,Philis,Tulloch,ptullochgy@booking.com,484
612,Clarissa,Jaquest,cjaquestgz@nymag.com,435
613,Marshall,Bengall,mbengallh0@csmonitor.com,738
614,Daveen,O'Duilleain,doduilleainh1@hugedomains.com,180
615,Nydia,de Wilde,ndewildeh2@hud.gov,605
616,Nevil,Castelot,ncasteloth3@weather.com,871
617,Dannie,Ivantyev,divantyevh4@dagondesign.com,248
618,Caitrin,Minchinton,cminchintonh5@dyndns.org,166
619,Celestine,Lancashire,clancashireh6@joomla.org,126
620,Marketa,Robel,mrobelh7@youtu.be,476
621,Jamima,Maleby,jmalebyh8@auda.org.au,121
622,Sofia,Siddons,ssiddonsh9@nymag.com,301
623,Elvis,Geistmann,egeistmannha@hibu.com,312
624,Dorene,Sallans,dsallanshb@sakura.ne.jp,411
625,Kelila,Tommaseo,ktommaseohc@furl.net,598
626,Nicolas,Baynom,nbaynomhd@imgur.com,760
627,Lonnard,Mattei,lmatteihe@mashable.com,521
628,Christina,Koppeck,ckoppeckhf@stanford.edu,544
629,Staci,Gumm,sgummhg@sourceforge.net,306
630,Travis,Pottberry,tpottberryhh@hatena.ne.jp,615
631,Mariska,Bail,mbailhi@typepad.com,325
632,Alic,De la Yglesias,adelayglesiashj@multiply.com,881
633,Sargent,Fever,sfeverhk@bloomberg.com,876
634,Ethelind,Haill,ehaillhl@ibm.com,738
635,Beverley,Enticknap,benticknaphm@symantec.com,401
636,Rodrick,Farnon,rfarnonhn@domainmarket.com,17
637,Marty,Pie,mpieho@paypal.com,498
638,Linette,Robbs,lrobbshp@google.co.uk,86
639,Vilhelmina,Whether,vwhetherhq@4shared.com,387
640,Ramsay,Wyss,rwysshr@msu.edu,439
641,Dulci,Berks,dberkshs@huffingtonpost.com,475
642,Haskel,Petrashkov,hpetrashkovht@elpais.com,865
643,Jany,Lonergan,jlonerganhu@devhub.com,387
644,Bliss,Schinetti,bschinettihv@tripod.com,808
645,Rutter,Jebb,rjebbhw@nature.com,819
646,Avis,Keyse,akeysehx@seattletimes.com,758
647,Lizette,Esch,leschhy@about.me,750
648,Harry,Houtby,hhoutbyhz@mysql.com,339
649,Bernardina,Vicary,bvicaryi0@microsoft.com,30
650,Holly-anne,Arundel,harundeli1@dion.ne.jp,187
651,Lydie,Orehead,loreheadi2@bloglines.com,947
652,Cordy,Capener,ccapeneri3@japanpost.jp,589
653,Carita,Spuffard,cspuffardi4@ucla.edu,633
654,Valle,Willars,vwillarsi5@cyberchimps.com,652
655,Hersch,Nornasell,hnornaselli6@ucoz.ru,203
656,Dorothee,McCoveney,dmccoveneyi7@sogou.com,92
657,Else,Fullerton,efullertoni8@jalbum.net,671
658,Caesar,Corragan,ccorragani9@a8.net,478
659,Merrilee,Dysart,mdysartia@economist.com,34
660,Garrett,Ilott,gilottib@umn.edu,621
661,Twyla,Lascell,tlascellic@msu.edu,333
662,Ilse,Pleasants,ipleasantsid@nydailynews.com,137
663,Lauryn,Tegler,lteglerie@gov.uk,99
664,Gerald,Proschek,gproschekif@naver.com,704
665,Blair,Golagley,bgolagleyig@ustream.tv,369
666,Joellyn,Lockney,jlockneyih@t.co,226
667,Channa,Vaun,cvaunii@umn.edu,717
668,Carrissa,Lamborne,clamborneij@stanford.edu,56
669,Aliza,Stairs,astairsik@blog.com,944
670,Dione,Surguine,dsurguineil@tinyurl.com,191
671,Trent,Laurenzi,tlaurenziim@ustream.tv,679
672,Jard,Folkard,jfolkardin@mapquest.com,50
673,Wilburt,Loble,wlobleio@free.fr,32
674,Jorie,Blazejewski,jblazejewskiip@cyberchimps.com,645
675,Clo,Baughn,cbaughniq@ca.gov,422
676,Benny,Reynard,breynardir@bigcartel.com,537
677,Marcie,Monckman,mmonckmanis@sakura.ne.jp,677
678,Pam,Haresnaip,pharesnaipit@wix.com,827
679,Amitie,Clint,aclintiu@livejournal.com,208
680,Saunderson,Lattimore,slattimoreiv@wunderground.com,790
681,Kellina,Fruchon,kfruchoniw@zimbio.com,793
682,Dolph,Crose,dcroseix@shareasale.com,269
683,Yehudi,Ambrogioni,yambrogioniiy@chronoengine.com,227
684,Bettye,Moakes,bmoakesiz@examiner.com,787
685,Angel,Dollard,adollardj0@amazon.de,142
686,Jerrilyn,Coursor,jcoursorj1@ucsd.edu,337
687,Simonne,Vaisey,svaiseyj2@scientificamerican.com,304
688,Nesta,Nestor,nnestorj3@w3.org,284
689,Cristal,De La Haye,cdelahayej4@sitemeter.com,849
690,Rudy,Oldcote,roldcotej5@gnu.org,694
691,Dannye,Aicken,daickenj6@wiley.com,884
692,Rufus,Ewins,rewinsj7@odnoklassniki.ru,570
693,Leandra,Cookson,lcooksonj8@mashable.com,899
694,Thibaut,Krystof,tkrystofj9@reverbnation.com,756
695,Angele,Jouannin,ajouanninja@dmoz.org,997
696,Maryellen,Twigg,mtwiggjb@google.es,329
697,Madelena,Chopy,mchopyjc@vimeo.com,567
698,Helenelizabeth,Fratson,hfratsonjd@omniture.com,393
699,Mace,Bidwell,mbidwellje@1und1.de,998
700,Richie,Kirgan,rkirganjf@npr.org,959
701,Major,Lowdwell,mlowdwelljg@bravesites.com,445
702,Monte,Britt,mbrittjh@paypal.com,533
703,Read,Sweedland,rsweedlandji@gov.uk,386
704,Mirilla,Jaram,mjaramjj@google.pl,996
705,Beatrisa,Gritsaev,bgritsaevjk@trellian.com,882
706,Noll,Buttress,nbuttressjl@typepad.com,156
707,Leonelle,Flear,lflearjm@wisc.edu,320
708,Trueman,Flatt,tflattjn@wikispaces.com,615
709,Keene,Utridge,kutridgejo@scribd.com,206
710,Sheba,Buglass,sbuglassjp@amazon.de,76
711,Lind,Guirardin,lguirardinjq@blogspot.com,450
712,Leandra,Yalden,lyaldenjr@so-net.ne.jp,192
713,Maddy,Broad,mbroadjs@deviantart.com,937
714,Hattie,Gaskins,hgaskinsjt@rediff.com,802
715,Charlie,Udie,cudieju@eepurl.com,56
716,Violette,Daintith,vdaintithjv@blog.com,799
717,Alfonso,Corter,acorterjw@ted.com,403
718,Tessy,Tolan,ttolanjx@cocolog-nifty.com,295
719,Ronalda,Coiley,rcoileyjy@utexas.edu,738
720,Sly,Esley,sesleyjz@miitbeian.gov.cn,252
721,Kai,de Juares,kdejuaresk0@so-net.ne.jp,808
722,Eden,Duinbleton,eduinbletonk1@sourceforge.net,463
723,Rodina,Croyden,rcroydenk2@hibu.com,395
724,Dmitri,Murrhardt,dmurrhardtk3@diigo.com,161
725,Ax,Lanbertoni,alanbertonik4@networkadvertising.org,606
726,Burr,Gueny,bguenyk5@ameblo.jp,1
727,Shanon,Smyth,ssmythk6@wikipedia.org,336
728,Sydelle,Battie,sbattiek7@weibo.com,1
729,Minette,Elmhurst,melmhurstk8@wikispaces.com,406
730,Melosa,Ensor,mensork9@webnode.com,689
731,Zaccaria,Cathcart,zcathcartka@alibaba.com,508
732,Geralda,Stocken,gstockenkb@godaddy.com,103
733,Crosby,Bartczak,cbartczakkc@etsy.com,881
734,Dex,Dimmer,ddimmerkd@seattletimes.com,282
735,Tasia,Stiling,tstilingke@yellowbook.com,674
736,Barbie,Hugonnet,bhugonnetkf@ucsd.edu,231
737,Ashlan,McTurley,amcturleykg@sohu.com,858
738,Nickolaus,Ranshaw,nranshawkh@buzzfeed.com,770
739,Tomlin,Sheringham,tsheringhamki@twitpic.com,726
740,Stefan,Recke,sreckekj@google.cn,544
741,Georgie,Wind,gwindkk@so-net.ne.jp,773
742,Leanna,Speeks,lspeekskl@discovery.com,567
743,Vladimir,Levin,vlevinkm@walmart.com,287
744,Catha,Sweetenham,csweetenhamkn@indiatimes.com,498
745,Fitz,Oldland,foldlandko@prweb.com,223
746,Benjy,Johnsey,bjohnseykp@about.me,567
747,Paola,Hamerton,phamertonkq@netvibes.com,996
748,Ramonda,MacCague,rmaccaguekr@angelfire.com,526
749,Randie,Yves,ryvesks@europa.eu,215
750,Anna-diane,Pettiford,apettifordkt@foxnews.com,181
751,Alia,Kop,akopku@unblog.fr,346
752,Willa,Leeds,wleedskv@free.fr,494
753,Dorthea,Jenking,djenkingkw@buzzfeed.com,719
754,Lib,Brisard,lbrisardkx@creativecommons.org,412
755,Vladimir,Harbor,vharborky@facebook.com,128
756,Wainwright,Michele,wmichelekz@salon.com,117
757,Forster,Halifax,fhalifaxl0@disqus.com,714
758,Jory,Eastmead,jeastmeadl1@sciencedirect.com,462
759,Cori,Arnal,carnall2@howstuffworks.com,58
760,Chev,Theis,ctheisl3@wiley.com,754
761,Lauralee,Simonich,lsimonichl4@ucoz.com,281
762,Annelise,Gerant,agerantl5@tiny.cc,977
763,Correna,Messham,cmesshaml6@reference.com,763
764,Leta,Railton,lrailtonl7@trellian.com,975
765,Ana,Connue,aconnuel8@weather.com,500
766,Timmie,Eynon,teynonl9@wikia.com,652
767,Brande,D' Angelo,bdangelola@sogou.com,967
768,Suzanne,Adamovitz,sadamovitzlb@is.gd,525
769,Ambros,Potte,apottelc@theatlantic.com,10
770,Innis,Spiers,ispiersld@pbs.org,449
771,Joby,Horder,jhorderle@geocities.com,21
772,Bastian,Norsister,bnorsisterlf@spiegel.de,823
773,Brande,Burnham,bburnhamlg@networkadvertising.org,743
774,Rochell,Helis,rhelislh@cnn.com,678
775,Gib,Morrell,gmorrellli@whitehouse.gov,532
776,Cirillo,Christescu,cchristesculj@hugedomains.com,333
777,Bevin,Coudray,bcoudraylk@yolasite.com,915
778,Warren,Charlotte,wcharlottell@comcast.net,372
779,Ellette,Spehr,espehrlm@netscape.com,395
780,Merrill,Anfusso,manfussoln@creativecommons.org,264
781,Timmie,Habbes,thabbeslo@webmd.com,530
782,Jordan,Botte,jbottelp@reverbnation.com,790
783,Jackqueline,Ithell,jithelllq@smugmug.com,275
784,Inness,Maffione,imaffionelr@example.com,508
785,Grantley,Pasterfield,gpasterfieldls@unicef.org,361
786,Bevin,Erasmus,berasmuslt@reddit.com,893
787,Konrad,Yeskov,kyeskovlu@senate.gov,347
788,Gleda,Ovill,govilllv@canalblog.com,504
789,Evangelia,Gonzales,egonzaleslw@youtube.com,950
790,Kliment,Hoodspeth,khoodspethlx@msn.com,609
791,Tonia,Bynold,tbynoldly@addtoany.com,240
792,Estella,Cheasman,echeasmanlz@dagondesign.com,860
793,Rosemonde,Constable,rconstablem0@w3.org,225
794,Pat,Fisbburne,pfisbburnem1@walmart.com,827
795,Bonny,Echelle,bechellem2@theglobeandmail.com,351
796,Cy,Cholwell,ccholwellm3@ask.com,450
797,Christine,Isacoff,cisacoffm4@umn.edu,292
798,Yasmin,Perrot,yperrotm5@de.vu,239
799,Harriette,Woodcraft,hwoodcraftm6@edublogs.org,730
800,Culley,Lunge,clungem7@weather.com,585
801,Thom,Giacopello,tgiacopellom8@apple.com,426
802,Benedetto,Hallbord,bhallbordm9@ft.com,384
803,Izzy,Matonin,imatoninma@nytimes.com,440
804,Pooh,Garment,pgarmentmb@tamu.edu,106
805,Kandy,McBride,kmcbridemc@twitpic.com,971
806,Reinhold,Gleadhall,rgleadhallmd@tumblr.com,472
807,Karylin,Falconer,kfalconerme@sina.com.cn,861
808,Malena,Spinella,mspinellamf@vkontakte.ru,373
809,Basilius,Kimberly,bkimberlymg@answers.com,282
810,Barny,Waterdrinker,bwaterdrinkermh@icio.us,775
811,Huberto,Detloff,hdetloffmi@marketwatch.com,445
812,Danyelle,Hancorn,dhancornmj@goo.ne.jp,492
813,Kordula,Blundon,kblundonmk@smugmug.com,735
814,Nance,Frier,nfrierml@hao123.com,658
815,Bathsheba,Kinnin,bkinninmm@shinystat.com,798
816,Calley,Gladwish,cgladwishmn@nbcnews.com,702
817,Demetris,Wellard,dwellardmo@behance.net,232
818,Vale,Petruskevich,vpetruskevichmp@unesco.org,518
819,Cathie,Wanless,cwanlessmq@bing.com,124
820,Elsinore,Tonner,etonnermr@cam.ac.uk,50
821,Edmund,Ech,eechms@rambler.ru,173
822,Arleta,Budnik,abudnikmt@amazonaws.com,331
823,Shelbi,Viant,sviantmu@marketwatch.com,384
824,Arney,Bangs,abangsmv@amazonaws.com,913
825,Abdul,Henrie,ahenriemw@ft.com,156
826,Ella,Daventry,edaventrymx@bloglovin.com,492
827,Felic,Cookes,fcookesmy@edublogs.org,461
828,Jami,Crosier,jcrosiermz@github.com,152
829,Lay,Allcott,lallcottn0@arizona.edu,236
830,Haleigh,Minter,hmintern1@artisteer.com,610
831,Lisbeth,Benini,lbeninin2@github.com,517
832,Eloisa,Billsberry,ebillsberryn3@gravatar.com,694
833,Chick,Ingre,cingren4@cbslocal.com,745
834,Constance,Hamblen,chamblenn5@blog.com,23
835,Lacie,Simondson,lsimondsonn6@rakuten.co.jp,402
836,Maryl,Scholard,mscholardn7@engadget.com,447
837,Isador,Hiscocks,ihiscocksn8@tiny.cc,566
838,Trey,Spieght,tspieghtn9@dyndns.org,24
839,Rudiger,Hannigan,rhanniganna@google.co.uk,515
840,Melinda,Chrishop,mchrishopnb@washingtonpost.com,10
841,Lissi,Silverston,lsilverstonnc@furl.net,615
842,Stern,Goricke,sgorickend@typepad.com,59
843,Pascal,Hazeltine,phazeltinene@slideshare.net,352
844,Jeannine,Crathorne,jcrathornenf@nba.com,767
845,Suzanne,Stayt,sstaytng@sogou.com,62
846,Keefer,Duplock,kduplocknh@phoca.cz,488
847,Hesther,Fawdry,hfawdryni@mozilla.org,114
848,Aurea,Worssam,aworssamnj@scientificamerican.com,46
849,Betsey,Goldstone,bgoldstonenk@nymag.com,687
850,Gram,Fullbrook,gfullbrooknl@businessweek.com,159
851,Tierney,Malec,tmalecnm@ehow.com,96
852,Kial,Croall,kcroallnn@time.com,995
853,Lucita,Cawkwell,lcawkwellno@alibaba.com,977
854,Arvy,Housby,ahousbynp@fda.gov,499
855,Katha,Hudd,khuddnq@xinhuanet.com,779
856,Dugald,Swanton,dswantonnr@go.com,267
857,Kristy,Holburn,kholburnns@weather.com,532
858,Culley,Mushrow,cmushrownt@goodreads.com,848
859,Aurie,Chezelle,achezellenu@cbc.ca,508
860,Spence,Sperling,ssperlingnv@nhs.uk,370
861,Brit,Gommery,bgommerynw@seattletimes.com,788
862,Iolande,Sigg,isiggnx@cbsnews.com,997
863,Hesther,Kharchinski,hkharchinskiny@ihg.com,670
864,Celka,Storre,cstorrenz@oakley.com,815
865,Felicio,Fewlass,ffewlasso0@stanford.edu,58
866,Libby,Maclaine,lmaclaineo1@nydailynews.com,199
867,Kikelia,Ellinor,kellinoro2@apple.com,725
868,Aviva,Minto,amintoo3@slashdot.org,557
869,Goldia,Daddow,gdaddowo4@dropbox.com,105
870,Elsey,Trapp,etrappo5@google.ca,935
871,Tabor,McGowing,tmcgowingo6@admin.ch,136
872,El,Sim,esimo7@twitpic.com,276
873,Elita,Maun,emauno8@apache.org,219
874,Rooney,Stangroom,rstangroomo9@vkontakte.ru,225
875,Joshuah,Kimmince,jkimminceoa@com.com,216
876,Susan,Duignan,sduignanob@macromedia.com,555
877,Jenna,Bruneton,jbrunetonoc@ucoz.com,758
878,Domini,Esley,desleyod@dropbox.com,97
879,Marci,Garrie,mgarrieoe@geocities.jp,952
880,Malena,Bravington,mbravingtonof@unicef.org,289
881,Nataniel,Dolby,ndolbyog@trellian.com,952
882,Norris,Schwandt,nschwandtoh@ucla.edu,233
883,Nannette,Coulthard,ncoulthardoi@myspace.com,847
884,Rosanna,Pasfield,rpasfieldoj@163.com,408
885,Claudianus,McGilleghole,cmcgillegholeok@thetimes.co.uk,678
886,Toddie,Benthall,tbenthallol@about.me,104
887,Dov,Gude,dgudeom@free.fr,268
888,Dareen,Avrahamov,davrahamovon@angelfire.com,444
889,West,Healings,whealingsoo@prlog.org,172
890,Brittaney,Forsaith,bforsaithop@yandex.ru,430
891,Cobb,Coil,ccoiloq@chron.com,349
892,Pedro,Dolbey,pdolbeyor@google.ru,416
893,Madel,Pringour,mpringouros@spiegel.de,662
894,Jessamyn,Horbath,jhorbathot@bigcartel.com,1
895,Maureene,Domonkos,mdomonkosou@example.com,730
896,Rubetta,Cassedy,rcassedyov@behance.net,154
897,Donella,Rozycki,drozyckiow@xrea.com,644
898,Angie,Gook,agookox@nature.com,706
899,Cleavland,Henrichs,chenrichsoy@merriam-webster.com,904
900,Anastasie,Genn,agennoz@qq.com,636
901,Linus,Brittin,lbrittinp0@123-reg.co.uk,728
902,Mindy,Bogays,mbogaysp1@upenn.edu,686
903,Alix,Lamplugh,alamplughp2@sphinn.com,245
904,Dina,Inett,dinettp3@freewebs.com,982
905,Franchot,Barter,fbarterp4@java.com,47
906,Rhea,Beadel,rbeadelp5@intel.com,647
907,Kacy,Twiname,ktwinamep6@simplemachines.org,452
908,Christoforo,Martill,cmartillp7@mapquest.com,336
909,Rosaleen,Domokos,rdomokosp8@moonfruit.com,618
910,Jerry,Redholls,jredhollsp9@loc.gov,679
911,Baldwin,Savery,bsaverypa@weebly.com,327
912,Mariana,Tripp,mtripppb@paginegialle.it,474
913,Tatiania,Marcinkowski,tmarcinkowskipc@patch.com,5
914,Karrah,Callery,kcallerypd@joomla.org,267
915,Fayth,Litchfield,flitchfieldpe@rediff.com,227
916,Gawen,Gayden,ggaydenpf@deliciousdays.com,445
917,Godart,McKerton,gmckertonpg@upenn.edu,949
918,Ilsa,Chace,ichaceph@soundcloud.com,297
919,Kata,Burnard,kburnardpi@vk.com,802
920,Abbe,Brockherst,abrockherstpj@addthis.com,627
921,Homerus,Collier,hcollierpk@globo.com,629
922,Immanuel,Iozefovich,iiozefovichpl@ameblo.jp,621
923,Kissee,Rosa,krosapm@mtv.com,892
924,Kasey,Antonoyev,kantonoyevpn@sfgate.com,647
925,Guillaume,Rogeron,grogeronpo@google.it,723
926,Maury,Margerison,mmargerisonpp@google.ca,423
927,Thayne,Starkey,tstarkeypq@vinaora.com,323
928,Grete,Matyushonok,gmatyushonokpr@about.com,968
929,Swen,Fairpo,sfairpops@sohu.com,711
930,Verile,Damiral,vdamiralpt@abc.net.au,827
931,Aindrea,Baine,abainepu@goodreads.com,264
932,Gregorius,Thormann,gthormannpv@xinhuanet.com,815
933,Teador,Tomalin,ttomalinpw@state.gov,506
934,Leroi,Mullaly,lmullalypx@mediafire.com,779
935,Dwain,Quennell,dquennellpy@hc360.com,262
936,Winfred,Raggles,wragglespz@economist.com,316
937,Lockwood,Jaye,ljayeq0@nationalgeographic.com,476
938,Odelinda,Billiard,obilliardq1@netlog.com,963
939,Cleopatra,Dommerque,cdommerqueq2@goodreads.com,617
940,Miguel,Gouldeby,mgouldebyq3@1und1.de,608
941,Ahmed,Stollenbecker,astollenbeckerq4@epa.gov,791
942,Martainn,McGennis,mmcgennisq5@flavors.me,133
943,Justino,Gorini,jgoriniq6@buzzfeed.com,960
944,Anastasie,McCurt,amccurtq7@wikispaces.com,884
945,Maisey,Huntington,mhuntingtonq8@ameblo.jp,630
946,Rockwell,Peppard,rpeppardq9@reference.com,813
947,Colette,Saura,csauraqa@bigcartel.com,914
948,Valentin,Gronav,vgronavqb@mtv.com,13
949,Wini,Trelevan,wtrelevanqc@google.cn,267
950,Candice,Kelledy,ckelledyqd@prweb.com,173
951,Raimundo,Brandolini,rbrandoliniqe@seesaa.net,774
952,Shandeigh,Siemianowicz,ssiemianowiczqf@edublogs.org,709
953,Essa,Egle of Germany,eegleofgermanyqg@woothemes.com,115
954,Giselbert,Lawlings,glawlingsqh@umich.edu,822
955,Moishe,Corbally,mcorballyqi@apple.com,83
956,Vanny,De Antoni,vdeantoniqj@google.nl,26
957,Shurlock,Doud,sdoudqk@linkedin.com,729
958,Ray,Torrance,rtorranceql@loc.gov,552
959,Liane,Brozsset,lbrozssetqm@wiley.com,39
960,Hetti,Pegden,hpegdenqn@springer.com,52
961,Doro,Briant,dbriantqo@yale.edu,17
962,Pattin,Statter,pstatterqp@is.gd,755
963,Ruby,Duncanson,rduncansonqq@nifty.com,259
964,Evie,Aldwich,ealdwichqr@canalblog.com,325
965,Thomasin,Leahey,tleaheyqs@cnet.com,144
966,Edlin,Hurn,ehurnqt@fema.gov,977
967,Ethyl,Walcot,ewalcotqu@wordpress.org,641
968,Avram,Manshaw,amanshawqv@harvard.edu,746
969,Cori,Rollinshaw,crollinshawqw@patch.com,613
970,Vasily,Keyser,vkeyserqx@vinaora.com,625
971,Helli,Crampin,hcrampinqy@google.com.au,770
972,Christophe,Deetlefs,cdeetlefsqz@posterous.com,74
973,Michal,Motton,mmottonr0@ihg.com,890
974,Randie,Castella,rcastellar1@earthlink.net,258
975,Christyna,Gruszczak,cgruszczakr2@last.fm,184
976,Sigismondo,Keaves,skeavesr3@elpais.com,644
977,Lucretia,Biaggi,lbiaggir4@irs.gov,423
978,Joni,McGow,jmcgowr5@webeden.co.uk,6
979,Derrek,Preddle,dpreddler6@earthlink.net,752
980,Sayer,Spykings,sspykingsr7@alexa.com,950
981,Reid,Mallaby,rmallabyr8@java.com,962
982,Abbey,Casse,acasser9@japanpost.jp,791
983,Ferguson,Cappineer,fcappineerra@surveymonkey.com,585
984,Kip,Owtram,kowtramrb@alibaba.com,229
985,Marchelle,Redmayne,mredmaynerc@friendfeed.com,873
986,Brocky,Block,bblockrd@altervista.org,368
987,Jenda,Chatainier,jchatainierre@ft.com,219
988,Basilius,Frances,bfrancesrf@fastcompany.com,114
989,Maurizia,Dibb,mdibbrg@skyrock.com,259
990,Batsheva,Crossby,bcrossbyrh@webeden.co.uk,470
991,Deana,Whitehair,dwhitehairri@vistaprint.com,873
992,Kory,Greenan,kgreenanrj@scientificamerican.com,10
993,Lanna,Gasnoll,lgasnollrk@tmall.com,119
994,Jocelyne,Silver,jsilverrl@xrea.com,961
995,Isidro,Petric,ipetricrm@bloglines.com,86
996,Drucie,Kiehl,dkiehlrn@disqus.com,717
997,Claus,Pelosi,cpelosiro@so-net.ne.jp,950
998,Vanda,Turfes,vturfesrp@narod.ru,643
999,Jennilee,Odger,jodgerrq@furl.net,38
1000,Dorie,MacKean,dmackeanrr@prlog.org,837
